estimator,auc,auc_ci_low_95,auc_ci_high_95,coef,se,odds_ratio,or_ci_low_95,or_ci_high_95,pvalue
raw_score,0.5829,0.4328,0.7315,,,,,,
conditional_logit,0.4171,0.2685,0.5672,-0.012102700921910549,0.008197206723805212,0.9879702421967606,0.9722241142582418,1.0039713941996076,0.1398252540065957
