model,auc,auc_ci_low_95,auc_ci_high_95,best_inner_cv_auc,n_features,param_iterations,param_learning_rate,param_depth,param_l2_leaf_reg,param_bagging_temperature,param_border_count,param_min_data_in_leaf,param_random_strength
BMCA baseline,0.8161,0.7408,0.88,0.7713,29,922,0.002800105355722659,7,0.005289331020858503,0.7437790037800143,213,17,9.043165189508722
BMCA + contrast score,0.8072,0.7264,0.8772,0.7713,30,966,0.005997137836618433,5,0.01197396740544197,0.048258864017259595,191,41,5.423672020119829
